job_id,backend,current_time,queue_position,status,finish_time,output
5edf8f4c86d5bb0014ec6323,ibmq_vigo,14:31:57.824114,,JobStatus.VALIDATING,,
5edf8f4c86d5bb0014ec6323,ibmq_vigo,14:32:45.032505,,JobStatus.CANCELLED,,
5edf8f4c86d5bb0014ec6323,ibmq_vigo,14:33:44.217072,,JobStatus.CANCELLED,,
5edf8f4c86d5bb0014ec6323,ibmq_vigo,14:34:38.858698,,JobStatus.CANCELLED,,
5edf8f4c86d5bb0014ec6323,ibmq_vigo,14:35:36.243138,,JobStatus.CANCELLED,,
5edf8f4c86d5bb0014ec6323,ibmq_vigo,14:36:40.137468,,JobStatus.CANCELLED,,
5edf8f4c86d5bb0014ec6323,ibmq_vigo,14:37:42.499035,,JobStatus.CANCELLED,,
5edf8f4c86d5bb0014ec6323,ibmq_vigo,14:38:43.424765,,JobStatus.CANCELLED,,
5edf8f4c86d5bb0014ec6323,ibmq_vigo,14:39:49.779506,,JobStatus.CANCELLED,,
5edf8f4c86d5bb0014ec6323,ibmq_vigo,14:40:49.171262,,JobStatus.CANCELLED,,
5edf8f4c86d5bb0014ec6323,ibmq_vigo,14:41:51.428892,,JobStatus.CANCELLED,,
5edf8f4c86d5bb0014ec6323,ibmq_vigo,14:42:49.695059,,JobStatus.CANCELLED,,
5edf8f4c86d5bb0014ec6323,ibmq_vigo,14:43:43.226316,,JobStatus.CANCELLED,,
5edf8f4c86d5bb0014ec6323,ibmq_vigo,14:44:30.762205,,JobStatus.CANCELLED,,
5edf8f4c86d5bb0014ec6323,ibmq_vigo,14:45:38.990122,,JobStatus.CANCELLED,,
5edf8f4c86d5bb0014ec6323,ibmq_vigo,14:46:34.667750,,JobStatus.CANCELLED,,
5edf8f4c86d5bb0014ec6323,ibmq_vigo,14:47:33.237295,,JobStatus.CANCELLED,,
5edf8f4c86d5bb0014ec6323,ibmq_vigo,14:48:34.877777,,JobStatus.CANCELLED,,
5edf8f4c86d5bb0014ec6323,ibmq_vigo,14:49:36.935382,,JobStatus.CANCELLED,,
5edf8f4c86d5bb0014ec6323,ibmq_vigo,14:50:32.829721,,JobStatus.CANCELLED,,
5edf8f4c86d5bb0014ec6323,ibmq_vigo,14:51:29.870932,,JobStatus.CANCELLED,,
5edf93f81e236100126a8e3f,ibmq_vigo,14:51:52.815392,,JobStatus.VALIDATING,,
5edf8f4c86d5bb0014ec6323,ibmq_vigo,14:52:23.745193,,JobStatus.CANCELLED,,
5edf93f81e236100126a8e3f,ibmq_vigo,14:52:37.364515,,JobStatus.CANCELLED,,
5edf8f4c86d5bb0014ec6323,ibmq_vigo,14:53:25.072229,,JobStatus.CANCELLED,,
5edf93f81e236100126a8e3f,ibmq_vigo,14:53:34.090011,,JobStatus.CANCELLED,,
5edf8f4c86d5bb0014ec6323,ibmq_vigo,14:54:19.964218,,JobStatus.CANCELLED,,
5edf93f81e236100126a8e3f,ibmq_vigo,14:54:25.703691,,JobStatus.CANCELLED,,
5edf8f4c86d5bb0014ec6323,ibmq_vigo,14:55:21.853445,,JobStatus.CANCELLED,,
5edf93f81e236100126a8e3f,ibmq_vigo,14:55:25.609590,,JobStatus.CANCELLED,,
5edf8f4c86d5bb0014ec6323,ibmq_vigo,14:56:22.226101,,JobStatus.CANCELLED,,
5edf93f81e236100126a8e3f,ibmq_vigo,14:56:25.816417,,JobStatus.CANCELLED,,
5edf8f4c86d5bb0014ec6323,ibmq_vigo,14:57:22.006805,,JobStatus.CANCELLED,,
5edf93f81e236100126a8e3f,ibmq_vigo,14:57:25.401343,,JobStatus.CANCELLED,,
5edf8f4c86d5bb0014ec6323,ibmq_vigo,14:58:19.784559,,JobStatus.CANCELLED,,
5edf93f81e236100126a8e3f,ibmq_vigo,14:58:23.780418,,JobStatus.CANCELLED,,
5edf8f4c86d5bb0014ec6323,ibmq_vigo,14:59:22.558139,,JobStatus.CANCELLED,,
5edf93f81e236100126a8e3f,ibmq_vigo,14:59:26.342149,,JobStatus.CANCELLED,,
5edf8f4c86d5bb0014ec6323,ibmq_vigo,15:00:19.027858,,JobStatus.CANCELLED,,
5edf93f81e236100126a8e3f,ibmq_vigo,15:00:23.876497,,JobStatus.CANCELLED,,
5edf8f4c86d5bb0014ec6323,ibmq_vigo,15:01:19.712270,,JobStatus.CANCELLED,,
5edf93f81e236100126a8e3f,ibmq_vigo,15:01:23.954875,,JobStatus.CANCELLED,,
5edf8f4c86d5bb0014ec6323,ibmq_vigo,15:02:18.574111,,JobStatus.CANCELLED,,
5edf93f81e236100126a8e3f,ibmq_vigo,15:02:20.739120,,JobStatus.CANCELLED,,
5edf8f4c86d5bb0014ec6323,ibmq_vigo,15:03:12.860849,,JobStatus.CANCELLED,,
5edf93f81e236100126a8e3f,ibmq_vigo,15:03:14.830741,,JobStatus.CANCELLED,,
5edf8f4c86d5bb0014ec6323,ibmq_vigo,15:04:14.091443,,JobStatus.CANCELLED,,
5edf93f81e236100126a8e3f,ibmq_vigo,15:04:17.164193,,JobStatus.CANCELLED,,
5edf8f4c86d5bb0014ec6323,ibmq_vigo,15:05:24.842719,,JobStatus.CANCELLED,,
5edf93f81e236100126a8e3f,ibmq_vigo,15:05:25.770418,,JobStatus.CANCELLED,,
5edf8f4c86d5bb0014ec6323,ibmq_vigo,15:06:17.512457,,JobStatus.CANCELLED,,
5edf93f81e236100126a8e3f,ibmq_vigo,15:06:18.052643,,JobStatus.CANCELLED,,
5edf8f4c86d5bb0014ec6323,ibmq_vigo,15:07:19.235086,,JobStatus.CANCELLED,,
5edf93f81e236100126a8e3f,ibmq_vigo,15:07:19.734724,,JobStatus.CANCELLED,,
5edf8f4c86d5bb0014ec6323,ibmq_vigo,15:08:13.699522,,JobStatus.CANCELLED,,
5edf93f81e236100126a8e3f,ibmq_vigo,15:08:14.209681,,JobStatus.CANCELLED,,
5edf8f4c86d5bb0014ec6323,ibmq_vigo,15:09:18.119399,,JobStatus.CANCELLED,,
5edf93f81e236100126a8e3f,ibmq_vigo,15:09:18.721113,,JobStatus.CANCELLED,,
5edf8f4c86d5bb0014ec6323,ibmq_vigo,15:10:24.660247,,JobStatus.CANCELLED,,
5edf93f81e236100126a8e3f,ibmq_vigo,15:10:25.280379,,JobStatus.CANCELLED,,
5edf8f4c86d5bb0014ec6323,ibmq_vigo,15:11:29.379431,,JobStatus.CANCELLED,,
5edf93f81e236100126a8e3f,ibmq_vigo,15:11:29.999215,,JobStatus.CANCELLED,,
5edf98acc872b500124de7a2,ibmq_vigo,15:11:57.126466,,JobStatus.VALIDATING,,
5edf8f4c86d5bb0014ec6323,ibmq_vigo,15:12:38.403952,,JobStatus.CANCELLED,,
5edf93f81e236100126a8e3f,ibmq_vigo,15:12:38.979879,,JobStatus.CANCELLED,,
5edf98acc872b500124de7a2,ibmq_vigo,15:12:54.984023,,JobStatus.CANCELLED,,
5edf8f4c86d5bb0014ec6323,ibmq_vigo,15:13:57.863449,,JobStatus.CANCELLED,,
5edf93f81e236100126a8e3f,ibmq_vigo,15:13:58.371471,,JobStatus.CANCELLED,,
5edf98acc872b500124de7a2,ibmq_vigo,15:14:06.258226,,JobStatus.CANCELLED,,
5edf8f4c86d5bb0014ec6323,ibmq_vigo,15:15:05.030991,,JobStatus.CANCELLED,,
5edf93f81e236100126a8e3f,ibmq_vigo,15:15:05.506391,,JobStatus.CANCELLED,,
5edf98acc872b500124de7a2,ibmq_vigo,15:15:10.678133,,JobStatus.CANCELLED,,
5edf8f4c86d5bb0014ec6323,ibmq_vigo,15:16:12.514771,,JobStatus.CANCELLED,,
5edf93f81e236100126a8e3f,ibmq_vigo,15:16:13.333066,,JobStatus.CANCELLED,,
5edf98acc872b500124de7a2,ibmq_vigo,15:16:17.328785,,JobStatus.CANCELLED,,
5edf8f4c86d5bb0014ec6323,ibmq_vigo,15:17:09.350087,,JobStatus.CANCELLED,,
5edf93f81e236100126a8e3f,ibmq_vigo,15:17:10.154590,,JobStatus.CANCELLED,,
5edf98acc872b500124de7a2,ibmq_vigo,15:17:14.678495,,JobStatus.CANCELLED,,
5edf8f4c86d5bb0014ec6323,ibmq_vigo,15:18:15.270810,,JobStatus.CANCELLED,,
5edf93f81e236100126a8e3f,ibmq_vigo,15:18:15.805477,,JobStatus.CANCELLED,,
5edf98acc872b500124de7a2,ibmq_vigo,15:18:19.890074,,JobStatus.CANCELLED,,
5edf8f4c86d5bb0014ec6323,ibmq_vigo,15:19:17.793007,,JobStatus.CANCELLED,,
5edf93f81e236100126a8e3f,ibmq_vigo,15:19:18.368930,,JobStatus.CANCELLED,,
5edf98acc872b500124de7a2,ibmq_vigo,15:19:20.720601,,JobStatus.CANCELLED,,
5edf8f4c86d5bb0014ec6323,ibmq_vigo,15:20:15.617811,,JobStatus.CANCELLED,,
5edf93f81e236100126a8e3f,ibmq_vigo,15:20:16.429298,,JobStatus.CANCELLED,,
5edf98acc872b500124de7a2,ibmq_vigo,15:20:19.396916,,JobStatus.CANCELLED,,
5edf8f4c86d5bb0014ec6323,ibmq_vigo,15:21:20.221025,,JobStatus.CANCELLED,,
5edf93f81e236100126a8e3f,ibmq_vigo,15:21:21.037361,,JobStatus.CANCELLED,,
5edf98acc872b500124de7a2,ibmq_vigo,15:21:23.805722,,JobStatus.CANCELLED,,
5edf8f4c86d5bb0014ec6323,ibmq_vigo,15:22:26.680808,,JobStatus.CANCELLED,,
5edf93f81e236100126a8e3f,ibmq_vigo,15:22:27.350634,,JobStatus.CANCELLED,,
5edf98acc872b500124de7a2,ibmq_vigo,15:22:28.225598,,JobStatus.CANCELLED,,
5edf8f4c86d5bb0014ec6323,ibmq_vigo,15:23:32.109077,,JobStatus.CANCELLED,,
5edf93f81e236100126a8e3f,ibmq_vigo,15:23:32.625206,,JobStatus.CANCELLED,,
5edf98acc872b500124de7a2,ibmq_vigo,15:23:33.400588,,JobStatus.CANCELLED,,
5edf8f4c86d5bb0014ec6323,ibmq_vigo,15:24:38.273846,,JobStatus.CANCELLED,,
5edf93f81e236100126a8e3f,ibmq_vigo,15:24:38.861287,,JobStatus.CANCELLED,,
5edf98acc872b500124de7a2,ibmq_vigo,15:24:39.346627,,JobStatus.CANCELLED,,
5edf8f4c86d5bb0014ec6323,ibmq_vigo,15:25:45.855606,,JobStatus.CANCELLED,,
5edf93f81e236100126a8e3f,ibmq_vigo,15:25:46.254771,,JobStatus.CANCELLED,,
5edf98acc872b500124de7a2,ibmq_vigo,15:25:46.870646,,JobStatus.CANCELLED,,
5edf8f4c86d5bb0014ec6323,ibmq_vigo,15:26:46.985351,,JobStatus.CANCELLED,,
5edf93f81e236100126a8e3f,ibmq_vigo,15:26:47.770043,,JobStatus.CANCELLED,,
5edf98acc872b500124de7a2,ibmq_vigo,15:26:48.594616,,JobStatus.CANCELLED,,
5edf8f4c86d5bb0014ec6323,ibmq_vigo,15:27:48.215905,,JobStatus.CANCELLED,,
5edf93f81e236100126a8e3f,ibmq_vigo,15:27:48.743806,,JobStatus.CANCELLED,,
5edf98acc872b500124de7a2,ibmq_vigo,15:27:49.308516,,JobStatus.CANCELLED,,
5edf8f4c86d5bb0014ec6323,ibmq_vigo,15:28:53.853917,,JobStatus.CANCELLED,,
5edf93f81e236100126a8e3f,ibmq_vigo,15:28:54.561709,,JobStatus.CANCELLED,,
5edf98acc872b500124de7a2,ibmq_vigo,15:28:55.074639,,JobStatus.CANCELLED,,
5edf8f4c86d5bb0014ec6323,ibmq_vigo,15:29:52.831985,,JobStatus.CANCELLED,,
5edf93f81e236100126a8e3f,ibmq_vigo,15:29:53.334047,,JobStatus.CANCELLED,,
5edf98acc872b500124de7a2,ibmq_vigo,15:29:53.859089,,JobStatus.CANCELLED,,
5edf8f4c86d5bb0014ec6323,ibmq_vigo,15:30:57.346007,,JobStatus.CANCELLED,,
5edf93f81e236100126a8e3f,ibmq_vigo,15:30:57.857902,,JobStatus.CANCELLED,,
5edf98acc872b500124de7a2,ibmq_vigo,15:30:58.370184,,JobStatus.CANCELLED,,
5edf8f4c86d5bb0014ec6323,ibmq_vigo,15:31:55.503865,,JobStatus.CANCELLED,,
5edf93f81e236100126a8e3f,ibmq_vigo,15:31:56.327272,,JobStatus.CANCELLED,,
5edf98acc872b500124de7a2,ibmq_vigo,15:31:56.843625,,JobStatus.CANCELLED,,
5edf8f4c86d5bb0014ec6323,ibmq_vigo,15:33:00.422319,,JobStatus.CANCELLED,,
5edf93f81e236100126a8e3f,ibmq_vigo,15:33:01.144710,,JobStatus.CANCELLED,,
5edf98acc872b500124de7a2,ibmq_vigo,15:33:01.758822,,JobStatus.CANCELLED,,
5edf9db953a7ae00130f291b,ibmq_vigo,15:33:29.603070,,JobStatus.VALIDATING,,
5edf8f4c86d5bb0014ec6323,ibmq_vigo,15:34:06.579627,,JobStatus.CANCELLED,,
5edf93f81e236100126a8e3f,ibmq_vigo,15:34:07.228813,,JobStatus.CANCELLED,,
5edf98acc872b500124de7a2,ibmq_vigo,15:34:07.822801,,JobStatus.CANCELLED,,
5edf9db953a7ae00130f291b,ibmq_vigo,15:34:17.535486,,JobStatus.CANCELLED,,
5edf8f4c86d5bb0014ec6323,ibmq_vigo,15:35:13.145482,,JobStatus.CANCELLED,,
5edf93f81e236100126a8e3f,ibmq_vigo,15:35:13.910332,,JobStatus.CANCELLED,,
5edf98acc872b500124de7a2,ibmq_vigo,15:35:14.424300,,JobStatus.CANCELLED,,
5edf9db953a7ae00130f291b,ibmq_vigo,15:35:21.229340,,JobStatus.CANCELLED,,
5edf8f4c86d5bb0014ec6323,ibmq_vigo,15:36:14.773259,,JobStatus.CANCELLED,,
5edf93f81e236100126a8e3f,ibmq_vigo,15:36:15.183415,,JobStatus.CANCELLED,,
5edf98acc872b500124de7a2,ibmq_vigo,15:36:15.863228,,JobStatus.CANCELLED,,
5edf9db953a7ae00130f291b,ibmq_vigo,15:36:18.164963,,JobStatus.CANCELLED,,
5edf8f4c86d5bb0014ec6323,ibmq_vigo,15:37:18.805891,,JobStatus.CANCELLED,,
5edf93f81e236100126a8e3f,ibmq_vigo,15:37:19.288263,,JobStatus.CANCELLED,,
5edf98acc872b500124de7a2,ibmq_vigo,15:37:19.904283,,JobStatus.CANCELLED,,
5edf9db953a7ae00130f291b,ibmq_vigo,15:37:21.801135,,JobStatus.CANCELLED,,
5edf8f4c86d5bb0014ec6323,ibmq_vigo,15:38:24.561786,,JobStatus.CANCELLED,,
5edf93f81e236100126a8e3f,ibmq_vigo,15:38:25.133841,,JobStatus.CANCELLED,,
5edf98acc872b500124de7a2,ibmq_vigo,15:38:25.656736,,JobStatus.CANCELLED,,
5edf9db953a7ae00130f291b,ibmq_vigo,15:38:27.896576,,JobStatus.CANCELLED,,
5edf8f4c86d5bb0014ec6323,ibmq_vigo,15:39:28.415933,,JobStatus.CANCELLED,,
5edf93f81e236100126a8e3f,ibmq_vigo,15:39:28.825694,,JobStatus.CANCELLED,,
5edf98acc872b500124de7a2,ibmq_vigo,15:39:29.646055,,JobStatus.CANCELLED,,
5edf9db953a7ae00130f291b,ibmq_vigo,15:39:32.695852,,JobStatus.CANCELLED,,
5edf8f4c86d5bb0014ec6323,ibmq_vigo,15:40:32.298723,,JobStatus.CANCELLED,,
5edf93f81e236100126a8e3f,ibmq_vigo,15:40:32.886297,,JobStatus.CANCELLED,,
5edf98acc872b500124de7a2,ibmq_vigo,15:40:33.438986,,JobStatus.CANCELLED,,
5edf9db953a7ae00130f291b,ibmq_vigo,15:40:33.903917,,JobStatus.CANCELLED,,
5edf8f4c86d5bb0014ec6323,ibmq_vigo,15:41:32.968322,,JobStatus.CANCELLED,,
5edf93f81e236100126a8e3f,ibmq_vigo,15:41:33.607884,,JobStatus.CANCELLED,,
5edf98acc872b500124de7a2,ibmq_vigo,15:41:34.805750,,JobStatus.CANCELLED,,
5edf9db953a7ae00130f291b,ibmq_vigo,15:41:35.228214,,JobStatus.CANCELLED,,
5edf8f4c86d5bb0014ec6323,ibmq_vigo,15:42:40.206652,,JobStatus.CANCELLED,,
5edf93f81e236100126a8e3f,ibmq_vigo,15:42:40.932265,,JobStatus.CANCELLED,,
5edf98acc872b500124de7a2,ibmq_vigo,15:42:41.547213,,JobStatus.CANCELLED,,
5edf9db953a7ae00130f291b,ibmq_vigo,15:42:42.052120,,JobStatus.CANCELLED,,
5edf8f4c86d5bb0014ec6323,ibmq_vigo,15:43:34.474826,,JobStatus.CANCELLED,,
5edf93f81e236100126a8e3f,ibmq_vigo,15:43:35.091322,,JobStatus.CANCELLED,,
5edf98acc872b500124de7a2,ibmq_vigo,15:43:35.708599,,JobStatus.CANCELLED,,
5edf9db953a7ae00130f291b,ibmq_vigo,15:43:36.328184,,JobStatus.CANCELLED,,
5edf8f4c86d5bb0014ec6323,ibmq_vigo,15:44:34.785571,,JobStatus.CANCELLED,,
5edf93f81e236100126a8e3f,ibmq_vigo,15:44:35.302527,,JobStatus.CANCELLED,,
5edf98acc872b500124de7a2,ibmq_vigo,15:44:35.819265,,JobStatus.CANCELLED,,
5edf9db953a7ae00130f291b,ibmq_vigo,15:44:36.320278,,JobStatus.CANCELLED,,
5edf8f4c86d5bb0014ec6323,ibmq_vigo,15:45:30.896980,,JobStatus.CANCELLED,,
5edf93f81e236100126a8e3f,ibmq_vigo,15:45:31.424911,,JobStatus.CANCELLED,,
5edf98acc872b500124de7a2,ibmq_vigo,15:45:31.848799,,JobStatus.CANCELLED,,
5edf9db953a7ae00130f291b,ibmq_vigo,15:45:32.441201,,JobStatus.CANCELLED,,
5edf8f4c86d5bb0014ec6323,ibmq_vigo,15:46:28.352803,,JobStatus.CANCELLED,,
5edf93f81e236100126a8e3f,ibmq_vigo,15:46:28.862882,,JobStatus.CANCELLED,,
5edf98acc872b500124de7a2,ibmq_vigo,15:46:29.684657,,JobStatus.CANCELLED,,
5edf9db953a7ae00130f291b,ibmq_vigo,15:46:30.296803,,JobStatus.CANCELLED,,
5edf8f4c86d5bb0014ec6323,ibmq_vigo,15:47:28.875210,,JobStatus.CANCELLED,,
5edf93f81e236100126a8e3f,ibmq_vigo,15:47:29.552239,,JobStatus.CANCELLED,,
5edf98acc872b500124de7a2,ibmq_vigo,15:47:30.099165,,JobStatus.CANCELLED,,
5edf9db953a7ae00130f291b,ibmq_vigo,15:47:30.610500,,JobStatus.CANCELLED,,
5edf8f4c86d5bb0014ec6323,ibmq_vigo,15:48:33.277837,,JobStatus.CANCELLED,,
5edf93f81e236100126a8e3f,ibmq_vigo,15:48:33.724145,,JobStatus.CANCELLED,,
5edf98acc872b500124de7a2,ibmq_vigo,15:48:34.512886,,JobStatus.CANCELLED,,
5edf9db953a7ae00130f291b,ibmq_vigo,15:48:35.428232,,JobStatus.CANCELLED,,
5edf8f4c86d5bb0014ec6323,ibmq_vigo,15:49:35.124020,,JobStatus.CANCELLED,,
5edf93f81e236100126a8e3f,ibmq_vigo,15:49:35.630209,,JobStatus.CANCELLED,,
5edf98acc872b500124de7a2,ibmq_vigo,15:49:36.251869,,JobStatus.CANCELLED,,
5edf9db953a7ae00130f291b,ibmq_vigo,15:49:36.811346,,JobStatus.CANCELLED,,
5edf8f4c86d5bb0014ec6323,ibmq_vigo,15:50:34.387590,,JobStatus.CANCELLED,,
5edf93f81e236100126a8e3f,ibmq_vigo,15:50:34.929420,,JobStatus.CANCELLED,,
5edf98acc872b500124de7a2,ibmq_vigo,15:50:35.425291,,JobStatus.CANCELLED,,
5edf9db953a7ae00130f291b,ibmq_vigo,15:50:35.834075,,JobStatus.CANCELLED,,
5edf8f4c86d5bb0014ec6323,ibmq_vigo,15:51:39.685952,,JobStatus.CANCELLED,,
5edf93f81e236100126a8e3f,ibmq_vigo,15:51:40.255352,,JobStatus.CANCELLED,,
5edf98acc872b500124de7a2,ibmq_vigo,15:51:40.773934,,JobStatus.CANCELLED,,
5edf9db953a7ae00130f291b,ibmq_vigo,15:51:41.583259,,JobStatus.CANCELLED,,
5edf8f4c86d5bb0014ec6323,ibmq_vigo,15:52:44.365361,,JobStatus.CANCELLED,,
5edf93f81e236100126a8e3f,ibmq_vigo,15:52:44.871052,,JobStatus.CANCELLED,,
5edf98acc872b500124de7a2,ibmq_vigo,15:52:45.266503,,JobStatus.CANCELLED,,
5edf9db953a7ae00130f291b,ibmq_vigo,15:52:45.896139,,JobStatus.CANCELLED,,
5edf8f4c86d5bb0014ec6323,ibmq_vigo,15:53:47.252132,,JobStatus.CANCELLED,,
5edf93f81e236100126a8e3f,ibmq_vigo,15:53:47.952784,,JobStatus.CANCELLED,,
5edf98acc872b500124de7a2,ibmq_vigo,15:53:48.561323,,JobStatus.CANCELLED,,
5edf9db953a7ae00130f291b,ibmq_vigo,15:53:49.169647,,JobStatus.CANCELLED,,
5edfa29aa47c8800121e16c6,ibmq_vigo,15:54:19.173509,,JobStatus.VALIDATING,,
5edf8f4c86d5bb0014ec6323,ibmq_vigo,15:54:53.068952,,JobStatus.CANCELLED,,
5edf93f81e236100126a8e3f,ibmq_vigo,15:54:53.679378,,JobStatus.CANCELLED,,
5edf98acc872b500124de7a2,ibmq_vigo,15:54:54.200727,,JobStatus.CANCELLED,,
5edf9db953a7ae00130f291b,ibmq_vigo,15:54:54.757100,,JobStatus.CANCELLED,,
5edfa29aa47c8800121e16c6,ibmq_vigo,15:55:07.313628,,JobStatus.CANCELLED,,
5edf8f4c86d5bb0014ec6323,ibmq_vigo,15:55:50.218560,,JobStatus.CANCELLED,,
5edf93f81e236100126a8e3f,ibmq_vigo,15:55:50.827418,,JobStatus.CANCELLED,,
5edf98acc872b500124de7a2,ibmq_vigo,15:55:51.347642,,JobStatus.CANCELLED,,
5edf9db953a7ae00130f291b,ibmq_vigo,15:55:51.858076,,JobStatus.CANCELLED,,
5edfa29aa47c8800121e16c6,ibmq_vigo,15:56:01.800620,,JobStatus.CANCELLED,,
5edf8f4c86d5bb0014ec6323,ibmq_vigo,15:56:48.685359,,JobStatus.CANCELLED,,
5edf93f81e236100126a8e3f,ibmq_vigo,15:56:49.196995,,JobStatus.CANCELLED,,
5edf98acc872b500124de7a2,ibmq_vigo,15:56:49.807221,,JobStatus.CANCELLED,,
5edf9db953a7ae00130f291b,ibmq_vigo,15:56:50.631113,,JobStatus.CANCELLED,,
5edfa29aa47c8800121e16c6,ibmq_vigo,15:57:00.871330,,JobStatus.CANCELLED,,
5edf8f4c86d5bb0014ec6323,ibmq_vigo,15:58:01.787140,,JobStatus.CANCELLED,,
5edf93f81e236100126a8e3f,ibmq_vigo,15:58:02.240024,,JobStatus.CANCELLED,,
5edf98acc872b500124de7a2,ibmq_vigo,15:58:03.021648,,JobStatus.CANCELLED,,
5edf9db953a7ae00130f291b,ibmq_vigo,15:58:03.842813,,JobStatus.CANCELLED,,
5edfa29aa47c8800121e16c6,ibmq_vigo,15:58:07.840257,,JobStatus.CANCELLED,,
5edf8f4c86d5bb0014ec6323,ibmq_vigo,15:59:01.470534,,JobStatus.CANCELLED,,
5edf93f81e236100126a8e3f,ibmq_vigo,15:59:02.174437,,JobStatus.CANCELLED,,
5edf98acc872b500124de7a2,ibmq_vigo,15:59:02.922410,,JobStatus.CANCELLED,,
5edf9db953a7ae00130f291b,ibmq_vigo,15:59:03.437621,,JobStatus.CANCELLED,,
5edfa29aa47c8800121e16c6,ibmq_vigo,15:59:06.208988,,JobStatus.CANCELLED,,
5edf8f4c86d5bb0014ec6323,ibmq_vigo,16:00:00.475961,,JobStatus.CANCELLED,,
5edf93f81e236100126a8e3f,ibmq_vigo,16:00:00.934380,,JobStatus.CANCELLED,,
5edf98acc872b500124de7a2,ibmq_vigo,16:00:01.811250,,JobStatus.CANCELLED,,
5edf9db953a7ae00130f291b,ibmq_vigo,16:00:02.382662,,JobStatus.CANCELLED,,
5edfa29aa47c8800121e16c6,ibmq_vigo,16:00:04.983462,,JobStatus.CANCELLED,,
5edf8f4c86d5bb0014ec6323,ibmq_vigo,16:01:05.190974,,JobStatus.CANCELLED,,
5edf93f81e236100126a8e3f,ibmq_vigo,16:01:05.707911,,JobStatus.CANCELLED,,
5edf98acc872b500124de7a2,ibmq_vigo,16:01:06.525694,,JobStatus.CANCELLED,,
5edf9db953a7ae00130f291b,ibmq_vigo,16:01:07.224684,,JobStatus.CANCELLED,,
5edfa29aa47c8800121e16c6,ibmq_vigo,16:01:09.511872,,JobStatus.CANCELLED,,
5edf8f4c86d5bb0014ec6323,ibmq_vigo,16:02:04.182271,,JobStatus.CANCELLED,,
5edf93f81e236100126a8e3f,ibmq_vigo,16:02:04.782547,,JobStatus.CANCELLED,,
5edf98acc872b500124de7a2,ibmq_vigo,16:02:05.287271,,JobStatus.CANCELLED,,
5edf9db953a7ae00130f291b,ibmq_vigo,16:02:06.022190,,JobStatus.CANCELLED,,
5edfa29aa47c8800121e16c6,ibmq_vigo,16:02:08.087775,,JobStatus.CANCELLED,,
5edf8f4c86d5bb0014ec6323,ibmq_vigo,16:02:56.703661,,JobStatus.CANCELLED,,
5edf93f81e236100126a8e3f,ibmq_vigo,16:02:57.494383,,JobStatus.CANCELLED,,
5edf98acc872b500124de7a2,ibmq_vigo,16:02:57.940963,,JobStatus.CANCELLED,,
5edf9db953a7ae00130f291b,ibmq_vigo,16:02:58.523808,,JobStatus.CANCELLED,,
5edfa29aa47c8800121e16c6,ibmq_vigo,16:03:00.359436,,JobStatus.CANCELLED,,
5edf8f4c86d5bb0014ec6323,ibmq_vigo,16:03:57.120560,,JobStatus.CANCELLED,,
5edf93f81e236100126a8e3f,ibmq_vigo,16:03:57.934652,,JobStatus.CANCELLED,,
5edf98acc872b500124de7a2,ibmq_vigo,16:03:58.555291,,JobStatus.CANCELLED,,
5edf9db953a7ae00130f291b,ibmq_vigo,16:03:59.166600,,JobStatus.CANCELLED,,
5edfa29aa47c8800121e16c6,ibmq_vigo,16:04:02.034665,,JobStatus.CANCELLED,,
5edf8f4c86d5bb0014ec6323,ibmq_vigo,16:05:02.862340,,JobStatus.CANCELLED,,
5edf93f81e236100126a8e3f,ibmq_vigo,16:05:03.683327,,JobStatus.CANCELLED,,
5edf98acc872b500124de7a2,ibmq_vigo,16:05:04.639052,,JobStatus.CANCELLED,,
5edf9db953a7ae00130f291b,ibmq_vigo,16:05:05.322336,,JobStatus.CANCELLED,,
5edfa29aa47c8800121e16c6,ibmq_vigo,16:05:08.784239,,JobStatus.CANCELLED,,
5edf8f4c86d5bb0014ec6323,ibmq_vigo,16:06:05.219004,,JobStatus.CANCELLED,,
5edf93f81e236100126a8e3f,ibmq_vigo,16:06:05.835065,,JobStatus.CANCELLED,,
5edf98acc872b500124de7a2,ibmq_vigo,16:06:06.349643,,JobStatus.CANCELLED,,
5edf9db953a7ae00130f291b,ibmq_vigo,16:06:06.863071,,JobStatus.CANCELLED,,
5edfa29aa47c8800121e16c6,ibmq_vigo,16:06:08.906952,,JobStatus.CANCELLED,,
5edf8f4c86d5bb0014ec6323,ibmq_vigo,16:07:06.961728,,JobStatus.CANCELLED,,
5edf93f81e236100126a8e3f,ibmq_vigo,16:07:07.479075,,JobStatus.CANCELLED,,
5edf98acc872b500124de7a2,ibmq_vigo,16:07:08.096629,,JobStatus.CANCELLED,,
5edf9db953a7ae00130f291b,ibmq_vigo,16:07:08.613956,,JobStatus.CANCELLED,,
5edfa29aa47c8800121e16c6,ibmq_vigo,16:07:10.858309,,JobStatus.CANCELLED,,
5edf8f4c86d5bb0014ec6323,ibmq_vigo,16:08:12.301743,,JobStatus.CANCELLED,,
5edf93f81e236100126a8e3f,ibmq_vigo,16:08:12.892289,,JobStatus.CANCELLED,,
5edf98acc872b500124de7a2,ibmq_vigo,16:08:13.422152,,JobStatus.CANCELLED,,
5edf9db953a7ae00130f291b,ibmq_vigo,16:08:13.987877,,JobStatus.CANCELLED,,
5edfa29aa47c8800121e16c6,ibmq_vigo,16:08:16.812177,,JobStatus.CANCELLED,,
5edf8f4c86d5bb0014ec6323,ibmq_vigo,16:09:14.044412,,JobStatus.CANCELLED,,
5edf93f81e236100126a8e3f,ibmq_vigo,16:09:14.969446,,JobStatus.CANCELLED,,
5edf98acc872b500124de7a2,ibmq_vigo,16:09:15.573120,,JobStatus.CANCELLED,,
5edf9db953a7ae00130f291b,ibmq_vigo,16:09:16.191656,,JobStatus.CANCELLED,,
5edfa29aa47c8800121e16c6,ibmq_vigo,16:09:16.653280,,JobStatus.CANCELLED,,
5edf8f4c86d5bb0014ec6323,ibmq_vigo,16:10:18.964175,,JobStatus.CANCELLED,,
5edf93f81e236100126a8e3f,ibmq_vigo,16:10:19.486576,,JobStatus.CANCELLED,,
5edf98acc872b500124de7a2,ibmq_vigo,16:10:20.358885,,JobStatus.CANCELLED,,
5edf9db953a7ae00130f291b,ibmq_vigo,16:10:20.917636,,JobStatus.CANCELLED,,
5edfa29aa47c8800121e16c6,ibmq_vigo,16:10:21.479342,,JobStatus.CANCELLED,,
5edf8f4c86d5bb0014ec6323,ibmq_vigo,16:11:18.775361,,JobStatus.CANCELLED,,
5edf93f81e236100126a8e3f,ibmq_vigo,16:11:19.439272,,JobStatus.CANCELLED,,
5edf98acc872b500124de7a2,ibmq_vigo,16:11:20.107426,,JobStatus.CANCELLED,,
5edf9db953a7ae00130f291b,ibmq_vigo,16:11:20.605716,,JobStatus.CANCELLED,,
5edfa29aa47c8800121e16c6,ibmq_vigo,16:11:21.117634,,JobStatus.CANCELLED,,
5edf8f4c86d5bb0014ec6323,ibmq_vigo,16:12:25.401417,,JobStatus.CANCELLED,,
5edf93f81e236100126a8e3f,ibmq_vigo,16:12:26.135085,,JobStatus.CANCELLED,,
5edf98acc872b500124de7a2,ibmq_vigo,16:12:26.661213,,JobStatus.CANCELLED,,
5edf9db953a7ae00130f291b,ibmq_vigo,16:12:27.475794,,JobStatus.CANCELLED,,
5edfa29aa47c8800121e16c6,ibmq_vigo,16:12:27.980034,,JobStatus.CANCELLED,,
5edf8f4c86d5bb0014ec6323,ibmq_vigo,16:13:41.666323,,JobStatus.CANCELLED,,
5edf93f81e236100126a8e3f,ibmq_vigo,16:13:42.562388,,JobStatus.CANCELLED,,
5edf98acc872b500124de7a2,ibmq_vigo,16:13:43.050813,,JobStatus.CANCELLED,,
5edf9db953a7ae00130f291b,ibmq_vigo,16:13:43.652191,,JobStatus.CANCELLED,,
5edfa29aa47c8800121e16c6,ibmq_vigo,16:13:44.200231,,JobStatus.CANCELLED,,
5edf8f4c86d5bb0014ec6323,ibmq_vigo,16:15:00.874464,,JobStatus.CANCELLED,,
5edf93f81e236100126a8e3f,ibmq_vigo,16:15:01.792143,,JobStatus.CANCELLED,,
5edf98acc872b500124de7a2,ibmq_vigo,16:15:02.309155,,JobStatus.CANCELLED,,
5edf9db953a7ae00130f291b,ibmq_vigo,16:15:02.915563,,JobStatus.CANCELLED,,
5edfa29aa47c8800121e16c6,ibmq_vigo,16:15:03.430530,,JobStatus.CANCELLED,,
5edfa793c872b500124de8a0,ibmq_vigo,16:15:31.994214,,JobStatus.VALIDATING,,
5edf8f4c86d5bb0014ec6323,ibmq_vigo,16:16:13.271262,,JobStatus.CANCELLED,,
5edf93f81e236100126a8e3f,ibmq_vigo,16:16:13.775030,,JobStatus.CANCELLED,,
5edf98acc872b500124de7a2,ibmq_vigo,16:16:14.390093,,JobStatus.CANCELLED,,
5edf9db953a7ae00130f291b,ibmq_vigo,16:16:15.001830,,JobStatus.CANCELLED,,
5edfa29aa47c8800121e16c6,ibmq_vigo,16:16:15.719287,,JobStatus.CANCELLED,,
5edfa793c872b500124de8a0,ibmq_vigo,16:16:23.397286,,JobStatus.CANCELLED,,
5edf8f4c86d5bb0014ec6323,ibmq_vigo,16:17:16.552370,,JobStatus.CANCELLED,,
5edf93f81e236100126a8e3f,ibmq_vigo,16:17:17.102435,,JobStatus.CANCELLED,,
5edf98acc872b500124de7a2,ibmq_vigo,16:17:17.911194,,JobStatus.CANCELLED,,
5edf9db953a7ae00130f291b,ibmq_vigo,16:17:18.359880,,JobStatus.CANCELLED,,
5edfa29aa47c8800121e16c6,ibmq_vigo,16:17:18.907279,,JobStatus.CANCELLED,,
5edfa793c872b500124de8a0,ibmq_vigo,16:17:24.504028,,JobStatus.CANCELLED,,
5edf8f4c86d5bb0014ec6323,ibmq_vigo,16:18:13.793420,,JobStatus.CANCELLED,,
5edf93f81e236100126a8e3f,ibmq_vigo,16:18:14.196582,,JobStatus.CANCELLED,,
5edf98acc872b500124de7a2,ibmq_vigo,16:18:14.812870,,JobStatus.CANCELLED,,
5edf9db953a7ae00130f291b,ibmq_vigo,16:18:15.319283,,JobStatus.CANCELLED,,
5edfa29aa47c8800121e16c6,ibmq_vigo,16:18:15.894894,,JobStatus.CANCELLED,,
5edfa793c872b500124de8a0,ibmq_vigo,16:18:21.605335,,JobStatus.CANCELLED,,
5edf8f4c86d5bb0014ec6323,ibmq_vigo,16:19:17.887351,,JobStatus.CANCELLED,,
5edf93f81e236100126a8e3f,ibmq_vigo,16:19:18.407442,,JobStatus.CANCELLED,,
5edf98acc872b500124de7a2,ibmq_vigo,16:19:18.917568,,JobStatus.CANCELLED,,
5edf9db953a7ae00130f291b,ibmq_vigo,16:19:19.737160,,JobStatus.CANCELLED,,
5edfa29aa47c8800121e16c6,ibmq_vigo,16:19:20.578199,,JobStatus.CANCELLED,,
5edfa793c872b500124de8a0,ibmq_vigo,16:19:26.807112,,JobStatus.CANCELLED,,
5edf8f4c86d5bb0014ec6323,ibmq_vigo,16:20:19.675256,,JobStatus.CANCELLED,,
5edf93f81e236100126a8e3f,ibmq_vigo,16:20:20.195063,,JobStatus.CANCELLED,,
5edf98acc872b500124de7a2,ibmq_vigo,16:20:20.966974,,JobStatus.CANCELLED,,
5edf9db953a7ae00130f291b,ibmq_vigo,16:20:21.582923,,JobStatus.CANCELLED,,
5edfa29aa47c8800121e16c6,ibmq_vigo,16:20:22.408798,,JobStatus.CANCELLED,,
5edfa793c872b500124de8a0,ibmq_vigo,16:20:28.750566,,JobStatus.CANCELLED,,
5edf8f4c86d5bb0014ec6323,ibmq_vigo,16:21:24.864708,,JobStatus.CANCELLED,,
5edf93f81e236100126a8e3f,ibmq_vigo,16:21:25.448634,,JobStatus.CANCELLED,,
5edf98acc872b500124de7a2,ibmq_vigo,16:21:25.920567,,JobStatus.CANCELLED,,
5edf9db953a7ae00130f291b,ibmq_vigo,16:21:26.512499,,JobStatus.CANCELLED,,
5edfa29aa47c8800121e16c6,ibmq_vigo,16:21:27.030562,,JobStatus.CANCELLED,,
5edfa793c872b500124de8a0,ibmq_vigo,16:21:31.011468,,JobStatus.CANCELLED,,
5edf8f4c86d5bb0014ec6323,ibmq_vigo,16:22:20.971125,,JobStatus.CANCELLED,,
5edf93f81e236100126a8e3f,ibmq_vigo,16:22:21.499795,,JobStatus.CANCELLED,,
5edf98acc872b500124de7a2,ibmq_vigo,16:22:21.981949,,JobStatus.CANCELLED,,
5edf9db953a7ae00130f291b,ibmq_vigo,16:22:22.501244,,JobStatus.CANCELLED,,
5edfa29aa47c8800121e16c6,ibmq_vigo,16:22:23.041257,,JobStatus.CANCELLED,,
5edfa793c872b500124de8a0,ibmq_vigo,16:22:26.511222,,JobStatus.CANCELLED,,
5edf8f4c86d5bb0014ec6323,ibmq_vigo,16:23:26.418354,,JobStatus.CANCELLED,,
5edf93f81e236100126a8e3f,ibmq_vigo,16:23:26.919855,,JobStatus.CANCELLED,,
5edf98acc872b500124de7a2,ibmq_vigo,16:23:27.532303,,JobStatus.CANCELLED,,
5edf9db953a7ae00130f291b,ibmq_vigo,16:23:28.159497,,JobStatus.CANCELLED,,
5edfa29aa47c8800121e16c6,ibmq_vigo,16:23:28.645577,,JobStatus.CANCELLED,,
5edfa793c872b500124de8a0,ibmq_vigo,16:23:32.456239,,JobStatus.CANCELLED,,
5edf8f4c86d5bb0014ec6323,ibmq_vigo,16:24:26.625617,,JobStatus.CANCELLED,,
5edf93f81e236100126a8e3f,ibmq_vigo,16:24:27.089427,,JobStatus.CANCELLED,,
5edf98acc872b500124de7a2,ibmq_vigo,16:24:27.860921,,JobStatus.CANCELLED,,
5edf9db953a7ae00130f291b,ibmq_vigo,16:24:28.277862,,JobStatus.CANCELLED,,
5edfa29aa47c8800121e16c6,ibmq_vigo,16:24:28.873581,,JobStatus.CANCELLED,,
5edfa793c872b500124de8a0,ibmq_vigo,16:24:32.459270,,JobStatus.CANCELLED,,
5edf8f4c86d5bb0014ec6323,ibmq_vigo,16:25:32.669305,,JobStatus.CANCELLED,,
5edf93f81e236100126a8e3f,ibmq_vigo,16:25:33.186585,,JobStatus.CANCELLED,,
5edf98acc872b500124de7a2,ibmq_vigo,16:25:33.904334,,JobStatus.CANCELLED,,
5edf9db953a7ae00130f291b,ibmq_vigo,16:25:34.305589,,JobStatus.CANCELLED,,
5edfa29aa47c8800121e16c6,ibmq_vigo,16:25:34.819528,,JobStatus.CANCELLED,,
5edfa793c872b500124de8a0,ibmq_vigo,16:25:39.421573,,JobStatus.CANCELLED,,
5edf8f4c86d5bb0014ec6323,ibmq_vigo,16:26:36.776138,,JobStatus.CANCELLED,,
5edf93f81e236100126a8e3f,ibmq_vigo,16:26:37.293434,,JobStatus.CANCELLED,,
5edf98acc872b500124de7a2,ibmq_vigo,16:26:38.095943,,JobStatus.CANCELLED,,
5edf9db953a7ae00130f291b,ibmq_vigo,16:26:38.722777,,JobStatus.CANCELLED,,
5edfa29aa47c8800121e16c6,ibmq_vigo,16:26:39.409543,,JobStatus.CANCELLED,,
5edfa793c872b500124de8a0,ibmq_vigo,16:26:41.792520,,JobStatus.CANCELLED,,
5edf8f4c86d5bb0014ec6323,ibmq_vigo,16:27:41.601636,,JobStatus.CANCELLED,,
5edf93f81e236100126a8e3f,ibmq_vigo,16:27:42.203613,,JobStatus.CANCELLED,,
5edf98acc872b500124de7a2,ibmq_vigo,16:27:42.605007,,JobStatus.CANCELLED,,
5edf9db953a7ae00130f291b,ibmq_vigo,16:27:43.121793,,JobStatus.CANCELLED,,
5edfa29aa47c8800121e16c6,ibmq_vigo,16:27:43.950379,,JobStatus.CANCELLED,,
5edfa793c872b500124de8a0,ibmq_vigo,16:27:46.506814,,JobStatus.CANCELLED,,
5edf8f4c86d5bb0014ec6323,ibmq_vigo,16:28:39.133540,,JobStatus.CANCELLED,,
5edf93f81e236100126a8e3f,ibmq_vigo,16:28:39.751070,,JobStatus.CANCELLED,,
5edf98acc872b500124de7a2,ibmq_vigo,16:28:40.469499,,JobStatus.CANCELLED,,
5edf9db953a7ae00130f291b,ibmq_vigo,16:28:41.187073,,JobStatus.CANCELLED,,
5edfa29aa47c8800121e16c6,ibmq_vigo,16:28:41.689744,,JobStatus.CANCELLED,,
5edfa793c872b500124de8a0,ibmq_vigo,16:28:44.150932,,JobStatus.CANCELLED,,
5edf8f4c86d5bb0014ec6323,ibmq_vigo,16:29:42.110955,,JobStatus.CANCELLED,,
5edf93f81e236100126a8e3f,ibmq_vigo,16:29:43.014831,,JobStatus.CANCELLED,,
5edf98acc872b500124de7a2,ibmq_vigo,16:29:43.574752,,JobStatus.CANCELLED,,
5edf9db953a7ae00130f291b,ibmq_vigo,16:29:44.190667,,JobStatus.CANCELLED,,
5edfa29aa47c8800121e16c6,ibmq_vigo,16:29:44.859662,,JobStatus.CANCELLED,,
5edfa793c872b500124de8a0,ibmq_vigo,16:29:47.383889,,JobStatus.CANCELLED,,
5edf8f4c86d5bb0014ec6323,ibmq_vigo,16:30:50.153797,,JobStatus.CANCELLED,,
5edf93f81e236100126a8e3f,ibmq_vigo,16:30:50.623809,,JobStatus.CANCELLED,,
5edf98acc872b500124de7a2,ibmq_vigo,16:30:51.136007,,JobStatus.CANCELLED,,
5edf9db953a7ae00130f291b,ibmq_vigo,16:30:52.049361,,JobStatus.CANCELLED,,
5edfa29aa47c8800121e16c6,ibmq_vigo,16:30:52.637789,,JobStatus.CANCELLED,,
5edfa793c872b500124de8a0,ibmq_vigo,16:30:53.196967,,JobStatus.CANCELLED,,
5edf8f4c86d5bb0014ec6323,ibmq_vigo,16:31:51.337999,,JobStatus.CANCELLED,,
5edf93f81e236100126a8e3f,ibmq_vigo,16:31:51.867033,,JobStatus.CANCELLED,,
5edf98acc872b500124de7a2,ibmq_vigo,16:31:52.368957,,JobStatus.CANCELLED,,
5edf9db953a7ae00130f291b,ibmq_vigo,16:31:52.979963,,JobStatus.CANCELLED,,
5edfa29aa47c8800121e16c6,ibmq_vigo,16:31:53.778011,,JobStatus.CANCELLED,,
5edfa793c872b500124de8a0,ibmq_vigo,16:31:54.268215,,JobStatus.CANCELLED,,
5edf8f4c86d5bb0014ec6323,ibmq_vigo,16:32:55.511787,,JobStatus.CANCELLED,,
5edf93f81e236100126a8e3f,ibmq_vigo,16:32:56.215703,,JobStatus.CANCELLED,,
5edf98acc872b500124de7a2,ibmq_vigo,16:32:56.771676,,JobStatus.CANCELLED,,
5edf9db953a7ae00130f291b,ibmq_vigo,16:32:57.491598,,JobStatus.CANCELLED,,
5edfa29aa47c8800121e16c6,ibmq_vigo,16:32:58.013769,,JobStatus.CANCELLED,,
5edfa793c872b500124de8a0,ibmq_vigo,16:32:59.027757,,JobStatus.CANCELLED,,
5edf8f4c86d5bb0014ec6323,ibmq_vigo,16:33:57.696251,,JobStatus.CANCELLED,,
5edf93f81e236100126a8e3f,ibmq_vigo,16:33:58.184254,,JobStatus.CANCELLED,,
5edf98acc872b500124de7a2,ibmq_vigo,16:33:58.764371,,JobStatus.CANCELLED,,
5edf9db953a7ae00130f291b,ibmq_vigo,16:33:59.340860,,JobStatus.CANCELLED,,
5edfa29aa47c8800121e16c6,ibmq_vigo,16:33:59.854104,,JobStatus.CANCELLED,,
5edfa793c872b500124de8a0,ibmq_vigo,16:34:00.774647,,JobStatus.CANCELLED,,
5edf8f4c86d5bb0014ec6323,ibmq_vigo,16:35:00.773594,,JobStatus.CANCELLED,,
5edf93f81e236100126a8e3f,ibmq_vigo,16:35:01.335540,,JobStatus.CANCELLED,,
5edf98acc872b500124de7a2,ibmq_vigo,16:35:01.878864,,JobStatus.CANCELLED,,
5edf9db953a7ae00130f291b,ibmq_vigo,16:35:02.725436,,JobStatus.CANCELLED,,
5edfa29aa47c8800121e16c6,ibmq_vigo,16:35:03.140580,,JobStatus.CANCELLED,,
5edfa793c872b500124de8a0,ibmq_vigo,16:35:03.648655,,JobStatus.CANCELLED,,
5edf8f4c86d5bb0014ec6323,ibmq_vigo,16:36:04.713573,,JobStatus.CANCELLED,,
5edf93f81e236100126a8e3f,ibmq_vigo,16:36:05.235562,,JobStatus.CANCELLED,,
5edf98acc872b500124de7a2,ibmq_vigo,16:36:05.829891,,JobStatus.CANCELLED,,
5edf9db953a7ae00130f291b,ibmq_vigo,16:36:06.319882,,JobStatus.CANCELLED,,
5edfa29aa47c8800121e16c6,ibmq_vigo,16:36:06.833318,,JobStatus.CANCELLED,,
5edfa793c872b500124de8a0,ibmq_vigo,16:36:07.462845,,JobStatus.CANCELLED,,
5edfac7ef5c34c0013851219,ibmq_vigo,16:36:31.042353,,JobStatus.VALIDATING,,
5edf8f4c86d5bb0014ec6323,ibmq_vigo,16:37:05.301952,,JobStatus.CANCELLED,,
5edf93f81e236100126a8e3f,ibmq_vigo,16:37:05.914141,,JobStatus.CANCELLED,,
5edf98acc872b500124de7a2,ibmq_vigo,16:37:06.425265,,JobStatus.CANCELLED,,
5edf9db953a7ae00130f291b,ibmq_vigo,16:37:06.939402,,JobStatus.CANCELLED,,
5edfa29aa47c8800121e16c6,ibmq_vigo,16:37:07.629364,,JobStatus.CANCELLED,,
5edfa793c872b500124de8a0,ibmq_vigo,16:37:08.301270,,JobStatus.CANCELLED,,
5edfac7ef5c34c0013851219,ibmq_vigo,16:37:19.330932,,JobStatus.CANCELLED,,
5edf8f4c86d5bb0014ec6323,ibmq_vigo,16:38:04.892900,,JobStatus.CANCELLED,,
5edf93f81e236100126a8e3f,ibmq_vigo,16:38:05.401134,,JobStatus.CANCELLED,,
5edf98acc872b500124de7a2,ibmq_vigo,16:38:05.817959,,JobStatus.CANCELLED,,
5edf9db953a7ae00130f291b,ibmq_vigo,16:38:06.343064,,JobStatus.CANCELLED,,
5edfa29aa47c8800121e16c6,ibmq_vigo,16:38:07.048502,,JobStatus.CANCELLED,,
5edfa793c872b500124de8a0,ibmq_vigo,16:38:07.550215,,JobStatus.CANCELLED,,
5edfac7ef5c34c0013851219,ibmq_vigo,16:38:15.871165,,JobStatus.CANCELLED,,
5edf8f4c86d5bb0014ec6323,ibmq_vigo,16:39:05.315244,,JobStatus.CANCELLED,,
5edf93f81e236100126a8e3f,ibmq_vigo,16:39:05.859245,,JobStatus.CANCELLED,,
5edf98acc872b500124de7a2,ibmq_vigo,16:39:06.519255,,JobStatus.CANCELLED,,
5edf9db953a7ae00130f291b,ibmq_vigo,16:39:07.064786,,JobStatus.CANCELLED,,
5edfa29aa47c8800121e16c6,ibmq_vigo,16:39:07.874114,,JobStatus.CANCELLED,,
5edfa793c872b500124de8a0,ibmq_vigo,16:39:08.794486,,JobStatus.CANCELLED,,
5edfac7ef5c34c0013851219,ibmq_vigo,16:39:12.687342,,JobStatus.CANCELLED,,
5edf8f4c86d5bb0014ec6323,ibmq_vigo,16:40:03.374337,,JobStatus.CANCELLED,,
5edf93f81e236100126a8e3f,ibmq_vigo,16:40:04.185137,,JobStatus.CANCELLED,,
5edf98acc872b500124de7a2,ibmq_vigo,16:40:04.708623,,JobStatus.CANCELLED,,
5edf9db953a7ae00130f291b,ibmq_vigo,16:40:05.215143,,JobStatus.CANCELLED,,
5edfa29aa47c8800121e16c6,ibmq_vigo,16:40:05.752040,,JobStatus.CANCELLED,,
5edfa793c872b500124de8a0,ibmq_vigo,16:40:06.370011,,JobStatus.CANCELLED,,
5edfac7ef5c34c0013851219,ibmq_vigo,16:40:10.094996,,JobStatus.CANCELLED,,
5edf8f4c86d5bb0014ec6323,ibmq_vigo,16:41:02.388945,,JobStatus.CANCELLED,,
5edf93f81e236100126a8e3f,ibmq_vigo,16:41:02.869918,,JobStatus.CANCELLED,,
5edf98acc872b500124de7a2,ibmq_vigo,16:41:03.381840,,JobStatus.CANCELLED,,
5edf9db953a7ae00130f291b,ibmq_vigo,16:41:03.890074,,JobStatus.CANCELLED,,
5edfa29aa47c8800121e16c6,ibmq_vigo,16:41:04.672748,,JobStatus.CANCELLED,,
5edfa793c872b500124de8a0,ibmq_vigo,16:41:05.319156,,JobStatus.CANCELLED,,
5edfac7ef5c34c0013851219,ibmq_vigo,16:41:08.814351,,JobStatus.CANCELLED,,
5edf8f4c86d5bb0014ec6323,ibmq_vigo,16:42:10.844191,,JobStatus.CANCELLED,,
5edf93f81e236100126a8e3f,ibmq_vigo,16:42:11.878259,,JobStatus.CANCELLED,,
5edf98acc872b500124de7a2,ibmq_vigo,16:42:12.599779,,JobStatus.CANCELLED,,
5edf9db953a7ae00130f291b,ibmq_vigo,16:42:13.199693,,JobStatus.CANCELLED,,
5edfa29aa47c8800121e16c6,ibmq_vigo,16:42:13.751616,,JobStatus.CANCELLED,,
5edfa793c872b500124de8a0,ibmq_vigo,16:42:14.343534,,JobStatus.CANCELLED,,
5edfac7ef5c34c0013851219,ibmq_vigo,16:42:19.208481,,JobStatus.CANCELLED,,
5edf8f4c86d5bb0014ec6323,ibmq_vigo,16:43:10.562294,,JobStatus.CANCELLED,,
5edf93f81e236100126a8e3f,ibmq_vigo,16:43:11.372441,,JobStatus.CANCELLED,,
5edf98acc872b500124de7a2,ibmq_vigo,16:43:11.992574,,JobStatus.CANCELLED,,
5edf9db953a7ae00130f291b,ibmq_vigo,16:43:12.602256,,JobStatus.CANCELLED,,
5edfa29aa47c8800121e16c6,ibmq_vigo,16:43:13.217205,,JobStatus.CANCELLED,,
5edfa793c872b500124de8a0,ibmq_vigo,16:43:13.832543,,JobStatus.CANCELLED,,
5edfac7ef5c34c0013851219,ibmq_vigo,16:43:16.142461,,JobStatus.CANCELLED,,
5edf8f4c86d5bb0014ec6323,ibmq_vigo,16:44:02.782014,,JobStatus.CANCELLED,,
5edf93f81e236100126a8e3f,ibmq_vigo,16:44:03.493189,,JobStatus.CANCELLED,,
5edf98acc872b500124de7a2,ibmq_vigo,16:44:04.261809,,JobStatus.CANCELLED,,
5edf9db953a7ae00130f291b,ibmq_vigo,16:44:05.029455,,JobStatus.CANCELLED,,
5edfa29aa47c8800121e16c6,ibmq_vigo,16:44:05.651828,,JobStatus.CANCELLED,,
5edfa793c872b500124de8a0,ibmq_vigo,16:44:06.682041,,JobStatus.CANCELLED,,
5edfac7ef5c34c0013851219,ibmq_vigo,16:44:08.871830,,JobStatus.CANCELLED,,
5edf8f4c86d5bb0014ec6323,ibmq_vigo,16:45:08.011151,,JobStatus.CANCELLED,,
5edf93f81e236100126a8e3f,ibmq_vigo,16:45:08.688160,,JobStatus.CANCELLED,,
5edf98acc872b500124de7a2,ibmq_vigo,16:45:09.156040,,JobStatus.CANCELLED,,
5edf9db953a7ae00130f291b,ibmq_vigo,16:45:09.604564,,JobStatus.CANCELLED,,
5edfa29aa47c8800121e16c6,ibmq_vigo,16:45:10.270308,,JobStatus.CANCELLED,,
5edfa793c872b500124de8a0,ibmq_vigo,16:45:10.846134,,JobStatus.CANCELLED,,
5edfac7ef5c34c0013851219,ibmq_vigo,16:45:13.541275,,JobStatus.CANCELLED,,
5edf8f4c86d5bb0014ec6323,ibmq_vigo,16:46:06.071431,,JobStatus.CANCELLED,,
5edf93f81e236100126a8e3f,ibmq_vigo,16:46:06.678699,,JobStatus.CANCELLED,,
5edf98acc872b500124de7a2,ibmq_vigo,16:46:07.342599,,JobStatus.CANCELLED,,
5edf9db953a7ae00130f291b,ibmq_vigo,16:46:07.806542,,JobStatus.CANCELLED,,
5edfa29aa47c8800121e16c6,ibmq_vigo,16:46:08.271474,,JobStatus.CANCELLED,,
5edfa793c872b500124de8a0,ibmq_vigo,16:46:08.759397,,JobStatus.CANCELLED,,
5edfac7ef5c34c0013851219,ibmq_vigo,16:46:10.811294,,JobStatus.CANCELLED,,
5edf8f4c86d5bb0014ec6323,ibmq_vigo,16:47:05.764876,,JobStatus.CANCELLED,,
5edf93f81e236100126a8e3f,ibmq_vigo,16:47:06.424795,,JobStatus.CANCELLED,,
5edf98acc872b500124de7a2,ibmq_vigo,16:47:07.097141,,JobStatus.CANCELLED,,
5edf9db953a7ae00130f291b,ibmq_vigo,16:47:07.716326,,JobStatus.CANCELLED,,
5edfa29aa47c8800121e16c6,ibmq_vigo,16:47:08.220349,,JobStatus.CANCELLED,,
5edfa793c872b500124de8a0,ibmq_vigo,16:47:08.836470,,JobStatus.CANCELLED,,
5edfac7ef5c34c0013851219,ibmq_vigo,16:47:11.606125,,JobStatus.CANCELLED,,
5edf8f4c86d5bb0014ec6323,ibmq_vigo,16:48:11.923179,,JobStatus.CANCELLED,,
5edf93f81e236100126a8e3f,ibmq_vigo,16:48:12.533605,,JobStatus.CANCELLED,,
5edf98acc872b500124de7a2,ibmq_vigo,16:48:13.037543,,JobStatus.CANCELLED,,
5edf9db953a7ae00130f291b,ibmq_vigo,16:48:13.552727,,JobStatus.CANCELLED,,
5edfa29aa47c8800121e16c6,ibmq_vigo,16:48:14.064654,,JobStatus.CANCELLED,,
5edfa793c872b500124de8a0,ibmq_vigo,16:48:14.776922,,JobStatus.CANCELLED,,
5edfac7ef5c34c0013851219,ibmq_vigo,16:48:15.297088,,JobStatus.CANCELLED,,
5edf8f4c86d5bb0014ec6323,ibmq_vigo,16:49:01.472764,,JobStatus.CANCELLED,,
5edf93f81e236100126a8e3f,ibmq_vigo,16:49:02.095106,,JobStatus.CANCELLED,,
5edf98acc872b500124de7a2,ibmq_vigo,16:49:02.599687,,JobStatus.CANCELLED,,
5edf9db953a7ae00130f291b,ibmq_vigo,16:49:03.112083,,JobStatus.CANCELLED,,
5edfa29aa47c8800121e16c6,ibmq_vigo,16:49:03.600395,,JobStatus.CANCELLED,,
5edfa793c872b500124de8a0,ibmq_vigo,16:49:04.129448,,JobStatus.CANCELLED,,
5edfac7ef5c34c0013851219,ibmq_vigo,16:49:04.594651,,JobStatus.CANCELLED,,
5edf8f4c86d5bb0014ec6323,ibmq_vigo,16:50:01.677696,,JobStatus.CANCELLED,,
5edf93f81e236100126a8e3f,ibmq_vigo,16:50:02.226125,,JobStatus.CANCELLED,,
5edf98acc872b500124de7a2,ibmq_vigo,16:50:02.928259,,JobStatus.CANCELLED,,
5edf9db953a7ae00130f291b,ibmq_vigo,16:50:03.429714,,JobStatus.CANCELLED,,
5edfa29aa47c8800121e16c6,ibmq_vigo,16:50:03.968789,,JobStatus.CANCELLED,,
5edfa793c872b500124de8a0,ibmq_vigo,16:50:04.554555,,JobStatus.CANCELLED,,
5edfac7ef5c34c0013851219,ibmq_vigo,16:50:05.056181,,JobStatus.CANCELLED,,
